,Solicitud de cita,Espera para la cita,Registro,Sala de espera,Consulta médica,Salida,Total
count,300.0,300.0,300.0,300.0,300.0,300.0,300.0
mean,8.313333333333333,16416.0,7.5633333333333335,29.32,15.35,7.49,16484.036666666667
std,3.429435178134388,8577.162802414936,1.725082196351656,8.652967476758834,3.0939848860193853,1.7569451292772265,8576.78139429982
min,2.0,1440.0,5.0,15.0,10.0,5.0,1495.0
25%,6.0,10080.0,6.0,22.0,13.0,6.0,10140.75
50%,8.0,15840.0,8.0,29.0,15.0,7.0,15909.0
75%,10.25,23040.0,9.0,36.0,18.0,9.0,23117.5
max,15.0,30240.0,10.0,45.0,20.0,10.0,30329.0
